"file","sha256","bytes"
"V1/project2_v1_top.bit","ab3b597c80af45ba7fe1fbdeced11bcd206713b3e12c688c2861eddb445cd564","2192123"
"V2/project2_v2_top.bit","fdddfd866f4c1650d1723310e4689523e17ea6c823eec158e68bcda07419ecbd","2192123"
"V3/project2_v3_axi.bit","118be2d7e6c1c320958b6a09878ac9e131f97b120267e1c2beed60f00ce5e7ff","2192127"
"V3/project2_v3_axi.ltx","6239c48649a7686cfe8264c07e06144622224bd28881ed5cbc3f00dc13701fb9","80162"
"V3/project2_v3_calib.bit","96c5e313a0d800de66957fa32155d0cd59abaa7940aa583e6a8e094b23c8438e","2192129"
"V3/project2_v3_calib.ltx","3f782632d69636397179bb2b1be5f1aca0a20f21bc98ebbff3b990da3472e120","2585"
"V4/project2_v4_top.bit","35401600a557da27d2811fa6258750fd1736430633da123b58d4734f2ebac380","2192123"
"V4/project2_v4_top.ltx","e1ae0db6229126c47bfe5e4ef9861d7e02181ef6a84344d7d72884449e52894c","38455"
"V5_225m_diagnostic/project2_v5_top.bit","715d1fd4565129a87150922e5d4805152b6315e721056f4a8aa3a8ec4b251a91","2192123"
"V5_225m_diagnostic/project2_v5_top.ltx","7eebb68f7df07bc0f406e21123a449cb7b3b8941c15f8f174dd6068aa00cc846","74192"
"V5_250m_diagnostic/project2_v5_top.bit","61965b6466b97f202cc36b33a1b269dcdc579781201707e96af00fbd69da0df9","2192123"
"V5_250m_diagnostic/project2_v5_top.ltx","7eebb68f7df07bc0f406e21123a449cb7b3b8941c15f8f174dd6068aa00cc846","74192"
"V5_315m/project2_v5_top.bit","d0592e0f9e2be85cd02174ce5d47e32a47e3419713397ee4a6e7e0ea97dabac4","2192123"
"V5_315m/project2_v5_top.ltx","9c76cd050fe5ec07bb8f57763b124f2f55f324171469f33c22cd040041a01931","72681"
"V5_400m/project2_v5_top.bit","0382046942e2a0a369652f0362b1faf8f713a8fad533dbacd3177eb8877c688f","2192123"
"V5_400m/project2_v5_top.ltx","9c76cd050fe5ec07bb8f57763b124f2f55f324171469f33c22cd040041a01931","72681"
"V5_base/project2_v5_top.bit","e0bfaa90e77dde94257b0fadd033ce97a525727a88ef42c5b377dd6d1947fbd3","2192123"
"V5_base/project2_v5_top.ltx","9c76cd050fe5ec07bb8f57763b124f2f55f324171469f33c22cd040041a01931","72681"
"V5_max_unpaced/project2_v5_top.bit","7ba937b17f5b450e63b04513b077cfa848c568416433731a8408434b160296f5","2192123"
"V5_max_unpaced/project2_v5_top.ltx","9c76cd050fe5ec07bb8f57763b124f2f55f324171469f33c22cd040041a01931","72681"
"V6/project2_v6_top.bit","514043c21bb8780886af774e51be701de17fbf2b67611006206bf46be94e2254","2192123"
"V6/project2_v6_top.ltx","84486addab52cd3d26fb2410e629cbd61e271f0ace1c2ca75d86e0b8ecbbcbe7","115830"
"V7/project2_v7_top.bit","6fd8ff72ce6b2475812380d72de9acfb74873e64ea76614117695bafacc46a5e","2192123"
"V7/project2_v7_top.ltx","84486addab52cd3d26fb2410e629cbd61e271f0ace1c2ca75d86e0b8ecbbcbe7","115830"
"V8/project2_v8_top.bit","dad9d9ae15c2380dc22ecf348ba5507e48ae659749717c62d5a78c3bd80637a4","2192123"
"V8/project2_v8_top.ltx","84486addab52cd3d26fb2410e629cbd61e271f0ace1c2ca75d86e0b8ecbbcbe7","115830"
"V9/project2_v9_top.bit","dc2e2860e6474051fdf051cbaa845e03f0e8f82a78970d391e4011bb351f67d7","2192123"
"V9/project2_v9_top.ltx","70647f428343bcb41eb218879aef35a045bf76b2c3f5c17228bee98f4a3419e9","151441"
