"path","original_sha256","headered_sha256","inserted_bytes","original_body_preserved"
"versions/v1_v5/project2_v1_udp/constraints/project2_v1_pins.xdc","e06e3898c797b741296f1c958511523c235025529d51b8e9e7e8afdf81a88a36","8c141849be179dd813341882fd84ce2b81e81efcb60cb8fa1be0f0ed1ed89c09","559","True"
"versions/v1_v5/project2_v1_udp/constraints/project2_v1_timing.xdc","5c4c7f7427c45f94e25331c1a16331be1f7e9a43ea19ae3bbc866819f3427126","d4245ea65b0b655aad00a8cabe131e3abd054837f928e2aca0755a84706094a2","561","True"
"versions/v1_v5/project2_v1_udp/rtl/project2_v1_top.v","0cced90bd6492b308098e1b48709bf3227d5c499911a3540ffcc01cb1135431c","5c19c0a62cb8f84ce636949b23aba0bfb8d185d982e79b41e14ffd2a26fb5ba7","564","True"
"versions/v1_v5/project2_v1_udp/rtl/udp_v1_app.v","57fcb7cac28024701f201620fb1d59844a2928b0652e50ef584cc82e9db1b9ba","87bb30876f7c49eef9745c0a0d63948a2ff8fe3383478e807c81246e44204a83","554","True"
"versions/v1_v5/project2_v1_udp/scripts/build_bitstream.tcl","8faa57e69503ce3d0e690a307e4faeb408f7e98f2cad263ad6eb49bbddaf7415","fdfe6912f5269ec4fb665fa6e6ea09bb6d27c69d608a77426715e48440c2e610","559","True"
"versions/v1_v5/project2_v1_udp/scripts/create_project.tcl","b1ee766e0a374203948d2422df28d26bd494807d20f3de4c4c8d93d661cfdd66","3a04e5f8eb7ab20059e03689453e1d1ba1d567babdf4878456648a9d9588d8a3","558","True"
"versions/v1_v5/project2_v1_udp/scripts/run_sim.tcl","5ac8a79b8e58312f3b1cceaf88df980eb8069f96f7b4abe4f89eb3b4980801e1","2607a4c333a9df1c5029eafb8d0f0ede27c6885ad1768d3d5b1bb94d30139eb2","551","True"
"versions/v1_v5/project2_v1_udp/sim/tb_udp_v1_app.v","0b9d1c4ec5820026145300ba69381263ee26124f3962b4360871b6662f997158","72d8bfab9414525d236270d81443f165224d8bc42b67de6826d9a9b314aae85b","560","True"
"versions/v1_v5/project2_v2_stream/constraints/project2_v1_pins.xdc","e06e3898c797b741296f1c958511523c235025529d51b8e9e7e8afdf81a88a36","8c141849be179dd813341882fd84ce2b81e81efcb60cb8fa1be0f0ed1ed89c09","559","True"
"versions/v1_v5/project2_v2_stream/constraints/project2_v1_timing.xdc","5c4c7f7427c45f94e25331c1a16331be1f7e9a43ea19ae3bbc866819f3427126","d4245ea65b0b655aad00a8cabe131e3abd054837f928e2aca0755a84706094a2","561","True"
"versions/v1_v5/project2_v2_stream/rtl/project2_v2_top.v","90516f24ea1878fa1042fb1f9636aed5143fe869122d3acaf63defe1b9a9fddd","828aacb3c3bc2844467dc2fb1547774b0c726fe1e1e3979f68606f939f5ebb74","564","True"
"versions/v1_v5/project2_v2_stream/rtl/udp_v2_stream_source.v","a1c6dfca14711c93e7fca5d33a9105f1d9b3983455d80bce2d6a016b0f980472","fa012f364d05f4611fde200a860f0f3d8fcb86fc73c32a14eea243510d395fe1","574","True"
"versions/v1_v5/project2_v2_stream/scripts/build_bitstream.tcl","228f694ffe94429cbe4e4c25178e0f2227be24c84800cd609e169f5a881f3872","9ae4b0e500dbbc86a980a4acd3319021ba2811327e4176f24c4fe8b8f3a4f054","559","True"
"versions/v1_v5/project2_v2_stream/scripts/create_project.tcl","2fd56595b8d781bc0469f65e9d8db8e6dc19e41617dfbaa39e174331dcf2a0b9","a715ec36cf019803be8ab13ed0d43f346b12f243626eb3c81653fae5975adbe8","558","True"
"versions/v1_v5/project2_v2_stream/scripts/run_sim.tcl","677c201f5278585c07ce877b207cfa754aab55e03f8d0edf2bd4c3c4afe044f9","63f468973bc7b8dd0e164e6502d15a823fd8857766cc7885d61ee0ec3338ab9a","551","True"
"versions/v1_v5/project2_v2_stream/sim/tb_udp_v2_stream_source.v","4500581e584c8524c5a113ef2c268f52825e920f7b428258b96e5f8ba92298e6","30d1743f8984d63cacca9e51f78862d98fe49ceedf127758ca97e613cd4e5728","580","True"
"versions/v1_v5/project2_v3_ddr3/constraints/project2_v3_pins.xdc","0e8dc80761c06f4c2bfaa5f3ab1df19630725bf96db6d597841266f2266855da","c95268d3af8d9864df024d2f33caad14733697eb03bedfcaf5de47ec89c1a54c","559","True"
"versions/v1_v5/project2_v3_ddr3/rtl/axi_ddr3_selftest.v","06c4deb6a3df15b4a92379240568e4a4633ba9a0d3acfa3b441a4474a8d9db08","b3e6af49e9aaaf51481a232bf250f90f6a363a8292e3f8c3577324c05460b75e","568","True"
"versions/v1_v5/project2_v3_ddr3/rtl/clock_reset_gen.v","3d60fb6e2914c1c47a295540c2fc2cef81aa69bf9a773090d7734e689141e0d7","e621e54b8a5a95f3ada15c9becda14ec8e336475dfe1c6d9bb541b5ac45faea9","564","True"
"versions/v1_v5/project2_v3_ddr3/rtl/ddr3_axi_mig_wrapper.v","bd04acc8c87b0306810e543b05e0970b6196c1a1cc3befc4f0d3b44ce70491b8","0411d5e33912f4723a01d41cf9f416c60402bf20210e52deeff05314cfe127a1","574","True"
"versions/v1_v5/project2_v3_ddr3/rtl/project2_v3_axi_top.v","608af32ebfe6fe323da10bf2d8cb65758ce99d42fe2a6e2a3a860e0a94211135","0c9eea0e2dd0f7ca5874a140534e56b513f01344fe25da27c0d5c40c901de444","572","True"
"versions/v1_v5/project2_v3_ddr3/rtl/project2_v3_calib_top.v","4b2d35f185ce388639713865201a9b9ac3e18e2f0c30d6c125e60f44fc474858","e9bd465233d5b6937e32d133529fcf4f9b3a506162d72c82027cf4eb605dcd5a","576","True"
"versions/v1_v5/project2_v3_ddr3/scripts/build_bitstream.tcl","835efa5288f46b0155f1c225530f3d3e1c619a4c00782916fe7b878cf0050310","3d62978e261ef1c7c5ffb2553997809173e1f258de9c7c190d2c55b0d8cd5b2f","559","True"
"versions/v1_v5/project2_v3_ddr3/scripts/create_project.tcl","d78692aceae75c4040989f1aee94d8d8fa22102860d33efa1c6c802d34a0a2b1","f4e0d959d41ed0f9c271b2c2872f5264e1e606debeeb7fbc2881607f40434c72","558","True"
"versions/v1_v5/project2_v3_ddr3/scripts/run_sim.tcl","b6a44c74a24238a78df1014aa2d87cde4bffc9f03cc376918df1be0cd7f3592d","7d439764e9560e41136fb0c47a440025139dfe95c5e6e707adf14e639691dda2","551","True"
"versions/v1_v5/project2_v3_ddr3/sim/tb_axi_ddr3_selftest.v","080d768c11ad2b63c0001093e9d31ab1e3e32165e4f7ffa594db82d78078bb61","ed36e15012d7d7deffdd1fafd95b18c13d72fe1bcc36c3cc940154f48f5c8a93","574","True"
"versions/v1_v5/project2_v4_ddr3_udp/constraints/project2_v4_pins.xdc","d18062472d9259362e24a6fd0479eae815e8940d1c397bacb0b055ec8a959311","68e5b8e4a16590c2f4e42b1fd8ace41f1d93f3112908614e5a909f36c2e08172","559","True"
"versions/v1_v5/project2_v4_ddr3_udp/constraints/project2_v4_timing.xdc","5850948a01e2b68c2544a6c490e29750c06e51d75b0de02b88e926b6f2496041","8752955c578ce1b587d338f8c694539b959a7e79a78c59376ad72146c4efc990","561","True"
"versions/v1_v5/project2_v4_ddr3_udp/rtl/ddr3_axi_mig_wrapper.v","bd04acc8c87b0306810e543b05e0970b6196c1a1cc3befc4f0d3b44ce70491b8","e15d935991ab37cee4606cd214674073144cf843774c556555babf6d5e3e7dde","574","True"
"versions/v1_v5/project2_v4_ddr3_udp/rtl/prbs16_finite_source.v","d6a8a9e15b34157f8c816dde9484678c5ce855bc8d4b8d38c2dc1f09a124750b","6c98be6b9090b5d83122dce1b1026a22d11989d8e6b7282ca91f9adbbcfe8913","574","True"
"versions/v1_v5/project2_v4_ddr3_udp/rtl/project2_v4_top.v","b602d169e5c5718028fce8a8f1d5c644c8f2e3b11ecc850824b3de83152ef3cf","e67f5ba93cd7a0a7e27612b64387ccf5d4c11b5f01999c0035dab1d67d8a941e","564","True"
"versions/v1_v5/project2_v4_ddr3_udp/rtl/udp_v4_packetizer.v","cee6f56300b5749d6ceb0d5dd37eedb9e4743b7d815304bc641c2a7163e0b3ee","7307a55ef279a1af2fa551560452ec97ef81cd3f4dcdcebaf7f30a26dc4c2c87","568","True"
"versions/v1_v5/project2_v4_ddr3_udp/rtl/v4_transfer_controller.v","59c5b1190061950ffdd5c34c6097dc6b8a3a32ff847b99c7071b387614c36013","4baabe626a1e0f9f12985324177e940391e048bf8ad33c559db61ddee9139ae0","578","True"
"versions/v1_v5/project2_v4_ddr3_udp/scripts/build_bitstream.tcl","04769fb7b987ce2c4babfbf33e9958c63b03cbb60fc24fa5f540b0bb6acff269","c3ac200d62ec6c931d15b91c3eb80209f68cff3fde7abcb45217e9315d4734d6","559","True"
"versions/v1_v5/project2_v4_ddr3_udp/scripts/create_project.tcl","4cf61b6f8b0fe851ea862d4c89e5f2eeafe7d27b53755f1c30de7ecaad77d77b","220deddd4374536c08b2bdfece9324a269bb9b6de5960c84494572aa9d028ceb","558","True"
"versions/v1_v5/project2_v4_ddr3_udp/scripts/run_sim.tcl","c4d5a571253e52221702a688be204419d21b91d6efdfd7a49f80e2eacceb5ad1","2b509271e4b4e40e541740145824f3d9389b1de6afa4f29e3f8b3ca78e432231","551","True"
"versions/v1_v5/project2_v4_ddr3_udp/sim/tb_v4_source_packetizer.v","c1b916ea593e3f3c3443947e0bb88f386c819c98d9d2b8c595e7d56cdf029db0","558f9deda04c384774edbb3161db27bf055d1ef74444114276110d58ec00ae3a","580","True"
"versions/v1_v5/project2_v5_ring_buffer/constraints/project2_v5_pins.xdc","d18062472d9259362e24a6fd0479eae815e8940d1c397bacb0b055ec8a959311","ae016cdd98e29872e2e0fb8a50b8ad59bf1dcd3a792fc29df30c1a89ab1d32c5","559","True"
"versions/v1_v5/project2_v5_ring_buffer/constraints/project2_v5_timing.xdc","13e36e04ac76c164344b2489d3ac910c41ddc6ab2d0c00b60f2f08e92ff000b4","15711c6335fb1ca7aa124059596ef3f57fbc8c7ebacb6616cc046efff8ffe128","561","True"
"versions/v1_v5/project2_v5_ring_buffer/rtl/ddr3_axi_mig_wrapper.v","bd04acc8c87b0306810e543b05e0970b6196c1a1cc3befc4f0d3b44ce70491b8","e15d935991ab37cee4606cd214674073144cf843774c556555babf6d5e3e7dde","574","True"
"versions/v1_v5/project2_v5_ring_buffer/rtl/prbs16_burst_source.v","983a5251b8da7c040c42d823e51962fb2da38c036e234a1c6bb9af67a2e27cfd","ad5755112a8113758f1816e60c78ca9c31a98f56281e847b4e2fe5c0f42bdcd8","572","True"
"versions/v1_v5/project2_v5_ring_buffer/rtl/project2_v5_top.v","15a3c8c62cda67848fb1440898e37719afa99884a825732bf91182207f8cef62","dfd0d3308320dcec5f2530c8eff5d356635fcb13f441226ed22fbbf1a6d56ee8","564","True"
"versions/v1_v5/project2_v5_ring_buffer/rtl/udp_v5_tx_fifo_packetizer.v","6d0264f5c57639aba07312ca7a321209a716ce46e4c417c3e6e38cc5d4c8a3ab","d57d83a6191f8cb2e6ecbd47d770738ac156bafcec2fcb372a9c7477a9fcd4e5","584","True"
"versions/v1_v5/project2_v5_ring_buffer/rtl/v5_ring_flow_controller.v","68d5456b76f9aa0abac8458f629b2d307c3bda73f2d28b1170ba24774f639fdc","39fe18e5ee15df634437f4fe676d914acdfbe34bd50438af48877788cda5421d","580","True"
"versions/v1_v5/project2_v5_ring_buffer/scripts/apply_post_link_constraints.tcl","5be81b24da205f434d2daa78eca7c4641e8d0d050a28e33edcf0ed50b77a0eb9","7bcd29a4013eb5ef3c8253c2f939e3ceea6c376755a3a76d50a7888f455850e1","571","True"
"versions/v1_v5/project2_v5_ring_buffer/scripts/build_bitstream.tcl","356d3f9842bfd03dbb04e248dd7fa8285ef299a01ffa6975e2b41b0784984a29","c4a84ff3c924bac31788a41e3b077c7233a753ee300d92881b396121e18b9b54","559","True"
"versions/v1_v5/project2_v5_ring_buffer/scripts/create_project.tcl","0d869d6258a96e370b68ecdd80b2a26cc92ce164e54200bd0266a0cb6a7b56cc","00dee8fa42d57e6921dfc7d1fbf85b378716aa9e62b388166efa3d79ef9fdddc","558","True"
"versions/v1_v5/project2_v5_ring_buffer/scripts/run_sim.tcl","7e61864665ee1095ff2322b49de3117baacadd8b18e8a64777f5891d78a3b21f","cf6f9cf45bc7e47edf87527314b0bc37a575816644dd83b72f494e369fdb2c6d","551","True"
"versions/v1_v5/project2_v5_ring_buffer/sim/tb_v5_units.v","e6b7a021f7582f731c259ff78962b3b5aed6e5b837a4d567601735a95265d39c","db3dd3b7f1c497e2ccca64d5276491b5190c3511504c0bbab87ea9c7b408c5ff","556","True"
"versions/v5_v6/project2_v5_225m_diagnostic/constraints/project2_v5_pins.xdc","d18062472d9259362e24a6fd0479eae815e8940d1c397bacb0b055ec8a959311","24c2d1f7d8229589bee6b4153090fc027fb37f40ab108e6844e063f13ca8fd55","559","True"
"versions/v5_v6/project2_v5_225m_diagnostic/constraints/project2_v5_timing.xdc","13e36e04ac76c164344b2489d3ac910c41ddc6ab2d0c00b60f2f08e92ff000b4","cd7e9ffc638839cc3b38d076ab388fbd5eb3e0c0d87d36e0e26690b04a7366b6","561","True"
"versions/v5_v6/project2_v5_225m_diagnostic/rtl/ddr3_axi_mig_wrapper.v","bd04acc8c87b0306810e543b05e0970b6196c1a1cc3befc4f0d3b44ce70491b8","642eda53be39b6fb650e0d657a1db3cca623b1d04d25d2db27f05479688dc4a7","574","True"
"versions/v5_v6/project2_v5_225m_diagnostic/rtl/prbs16_burst_source.v","983a5251b8da7c040c42d823e51962fb2da38c036e234a1c6bb9af67a2e27cfd","def276fbc39d93816d5ee5995f34a28c0179bb7299eff9765cd59458af9fbb7e","572","True"
"versions/v5_v6/project2_v5_225m_diagnostic/rtl/project2_v5_top.v","d72bb08c8f6af587e01c0984bf46dc0ea60e22ce882bba8429c518b163312566","cbddec0fc4a698bfe161a7eb759bd160311b5d380f61da18969535a39d04ee6e","575","True"
"versions/v5_v6/project2_v5_225m_diagnostic/rtl/udp_v5_tx_fifo_packetizer.v","6d0264f5c57639aba07312ca7a321209a716ce46e4c417c3e6e38cc5d4c8a3ab","9c73596cadbd415a0f487c87b6dccac540c8e10155e1d36d4e77ea36169a5620","584","True"
"versions/v5_v6/project2_v5_225m_diagnostic/rtl/v5_ring_flow_controller.v","68d5456b76f9aa0abac8458f629b2d307c3bda73f2d28b1170ba24774f639fdc","137ca6d702e27ed46c750559b9cc7298503afbade34285b835a432197ba2d062","580","True"
"versions/v5_v6/project2_v5_225m_diagnostic/scripts/apply_post_link_constraints.tcl","5be81b24da205f434d2daa78eca7c4641e8d0d050a28e33edcf0ed50b77a0eb9","ff1b90e7c42068bcfbaac2489d4a4426b1f9567ba1f91a549e2890becabce21a","571","True"
"versions/v5_v6/project2_v5_225m_diagnostic/scripts/build_bitstream.tcl","a5f2634a7df0fadb7b634325d40e9599ce6cc9c8dd20250e461fcaf339dc51ac","305b42573649e8878e28abc22f77be2bf3fc9dbced56c4dc4e067efffa6230bc","559","True"
"versions/v5_v6/project2_v5_225m_diagnostic/scripts/create_project.tcl","cd6578161a67e962a82f6770193e04179bc4d26d780706927de4c9f60b7d2ce3","df34e91138704e92a29600109b65736d309b47b4636148889fdff5c4934c4917","558","True"
"versions/v5_v6/project2_v5_225m_diagnostic/scripts/run_sim.tcl","7e61864665ee1095ff2322b49de3117baacadd8b18e8a64777f5891d78a3b21f","2d45e5e56392f655e2b9f29c49869efdb85a0d9bfeba77086078d076fe6cf1e4","551","True"
"versions/v5_v6/project2_v5_225m_diagnostic/sim/tb_v5_units.v","e6b7a021f7582f731c259ff78962b3b5aed6e5b837a4d567601735a95265d39c","7eb730c9dd366c75845f66694a6d27516a55f4ea6d628bddb2c1c32a7305b266","556","True"
"versions/v5_v6/project2_v5_250m_diagnostic/constraints/project2_v5_pins.xdc","d18062472d9259362e24a6fd0479eae815e8940d1c397bacb0b055ec8a959311","24c2d1f7d8229589bee6b4153090fc027fb37f40ab108e6844e063f13ca8fd55","559","True"
"versions/v5_v6/project2_v5_250m_diagnostic/constraints/project2_v5_timing.xdc","13e36e04ac76c164344b2489d3ac910c41ddc6ab2d0c00b60f2f08e92ff000b4","cd7e9ffc638839cc3b38d076ab388fbd5eb3e0c0d87d36e0e26690b04a7366b6","561","True"
"versions/v5_v6/project2_v5_250m_diagnostic/rtl/ddr3_axi_mig_wrapper.v","bd04acc8c87b0306810e543b05e0970b6196c1a1cc3befc4f0d3b44ce70491b8","642eda53be39b6fb650e0d657a1db3cca623b1d04d25d2db27f05479688dc4a7","574","True"
"versions/v5_v6/project2_v5_250m_diagnostic/rtl/prbs16_burst_source.v","983a5251b8da7c040c42d823e51962fb2da38c036e234a1c6bb9af67a2e27cfd","def276fbc39d93816d5ee5995f34a28c0179bb7299eff9765cd59458af9fbb7e","572","True"
"versions/v5_v6/project2_v5_250m_diagnostic/rtl/project2_v5_top.v","4722317c57c7667523b478b9b96d58bf0c1ff95d724c6847c2484487c6214685","c36c5135ee65ebe6a7eff8ffa5429b492a4b9b309d4f30d5f68b1b9be0897d38","575","True"
"versions/v5_v6/project2_v5_250m_diagnostic/rtl/udp_v5_tx_fifo_packetizer.v","6d0264f5c57639aba07312ca7a321209a716ce46e4c417c3e6e38cc5d4c8a3ab","9c73596cadbd415a0f487c87b6dccac540c8e10155e1d36d4e77ea36169a5620","584","True"
"versions/v5_v6/project2_v5_250m_diagnostic/rtl/v5_ring_flow_controller.v","68d5456b76f9aa0abac8458f629b2d307c3bda73f2d28b1170ba24774f639fdc","137ca6d702e27ed46c750559b9cc7298503afbade34285b835a432197ba2d062","580","True"
"versions/v5_v6/project2_v5_250m_diagnostic/scripts/apply_post_link_constraints.tcl","5be81b24da205f434d2daa78eca7c4641e8d0d050a28e33edcf0ed50b77a0eb9","ff1b90e7c42068bcfbaac2489d4a4426b1f9567ba1f91a549e2890becabce21a","571","True"
"versions/v5_v6/project2_v5_250m_diagnostic/scripts/build_bitstream.tcl","356d3f9842bfd03dbb04e248dd7fa8285ef299a01ffa6975e2b41b0784984a29","075737f81b2cebd5b121606129a9bc0e97f2ffbadd97c89d1db690da733dcc48","559","True"
"versions/v5_v6/project2_v5_250m_diagnostic/scripts/create_project.tcl","cd6578161a67e962a82f6770193e04179bc4d26d780706927de4c9f60b7d2ce3","df34e91138704e92a29600109b65736d309b47b4636148889fdff5c4934c4917","558","True"
"versions/v5_v6/project2_v5_250m_diagnostic/scripts/run_sim.tcl","7e61864665ee1095ff2322b49de3117baacadd8b18e8a64777f5891d78a3b21f","2d45e5e56392f655e2b9f29c49869efdb85a0d9bfeba77086078d076fe6cf1e4","551","True"
"versions/v5_v6/project2_v5_250m_diagnostic/sim/tb_v5_units.v","e6b7a021f7582f731c259ff78962b3b5aed6e5b837a4d567601735a95265d39c","7eb730c9dd366c75845f66694a6d27516a55f4ea6d628bddb2c1c32a7305b266","556","True"
"versions/v5_v6/project2_v5_315m/constraints/project2_v5_pins.xdc","d18062472d9259362e24a6fd0479eae815e8940d1c397bacb0b055ec8a959311","24c2d1f7d8229589bee6b4153090fc027fb37f40ab108e6844e063f13ca8fd55","559","True"
"versions/v5_v6/project2_v5_315m/constraints/project2_v5_timing.xdc","13e36e04ac76c164344b2489d3ac910c41ddc6ab2d0c00b60f2f08e92ff000b4","cd7e9ffc638839cc3b38d076ab388fbd5eb3e0c0d87d36e0e26690b04a7366b6","561","True"
"versions/v5_v6/project2_v5_315m/rtl/ddr3_axi_mig_wrapper.v","bd04acc8c87b0306810e543b05e0970b6196c1a1cc3befc4f0d3b44ce70491b8","642eda53be39b6fb650e0d657a1db3cca623b1d04d25d2db27f05479688dc4a7","574","True"
"versions/v5_v6/project2_v5_315m/rtl/prbs16_burst_source.v","983a5251b8da7c040c42d823e51962fb2da38c036e234a1c6bb9af67a2e27cfd","def276fbc39d93816d5ee5995f34a28c0179bb7299eff9765cd59458af9fbb7e","572","True"
"versions/v5_v6/project2_v5_315m/rtl/project2_v5_top.v","8c88c2973928bdf9c2e799bb38f077281d25f92c8906f227d352b3065006c3c8","230e67c3ea523f5c44a7430673ac09b564c1026b363811aecbaeda504360b558","575","True"
"versions/v5_v6/project2_v5_315m/rtl/udp_v5_tx_fifo_packetizer.v","6d0264f5c57639aba07312ca7a321209a716ce46e4c417c3e6e38cc5d4c8a3ab","9c73596cadbd415a0f487c87b6dccac540c8e10155e1d36d4e77ea36169a5620","584","True"
"versions/v5_v6/project2_v5_315m/rtl/v5_ring_flow_controller.v","68d5456b76f9aa0abac8458f629b2d307c3bda73f2d28b1170ba24774f639fdc","137ca6d702e27ed46c750559b9cc7298503afbade34285b835a432197ba2d062","580","True"
"versions/v5_v6/project2_v5_315m/scripts/apply_post_link_constraints.tcl","5be81b24da205f434d2daa78eca7c4641e8d0d050a28e33edcf0ed50b77a0eb9","ff1b90e7c42068bcfbaac2489d4a4426b1f9567ba1f91a549e2890becabce21a","571","True"
"versions/v5_v6/project2_v5_315m/scripts/build_bitstream.tcl","356d3f9842bfd03dbb04e248dd7fa8285ef299a01ffa6975e2b41b0784984a29","075737f81b2cebd5b121606129a9bc0e97f2ffbadd97c89d1db690da733dcc48","559","True"
"versions/v5_v6/project2_v5_315m/scripts/create_project.tcl","0d869d6258a96e370b68ecdd80b2a26cc92ce164e54200bd0266a0cb6a7b56cc","e4578a273595eaecda4743b9e25b91c23d422de603470f3e7fbe18389aabae95","558","True"
"versions/v5_v6/project2_v5_315m/scripts/run_sim.tcl","7e61864665ee1095ff2322b49de3117baacadd8b18e8a64777f5891d78a3b21f","2d45e5e56392f655e2b9f29c49869efdb85a0d9bfeba77086078d076fe6cf1e4","551","True"
"versions/v5_v6/project2_v5_315m/sim/tb_v5_units.v","e6b7a021f7582f731c259ff78962b3b5aed6e5b837a4d567601735a95265d39c","7eb730c9dd366c75845f66694a6d27516a55f4ea6d628bddb2c1c32a7305b266","556","True"
"versions/v5_v6/project2_v5_400m/constraints/project2_v5_pins.xdc","d18062472d9259362e24a6fd0479eae815e8940d1c397bacb0b055ec8a959311","8a386b99b24ac96eb2192fa7486b4fac9d099e940633e18186d09e921a11af70","559","True"
"versions/v5_v6/project2_v5_400m/constraints/project2_v5_timing.xdc","13e36e04ac76c164344b2489d3ac910c41ddc6ab2d0c00b60f2f08e92ff000b4","13bef5feead6522cd2950f7558c0e87596441b013733d3b6dce1e918ff960544","561","True"
"versions/v5_v6/project2_v5_400m/rtl/ddr3_axi_mig_wrapper.v","bd04acc8c87b0306810e543b05e0970b6196c1a1cc3befc4f0d3b44ce70491b8","6c57ca847ff7d24118677f75476f22dff1b4214a0adb2fa10ebf1e17dcf6e850","574","True"
"versions/v5_v6/project2_v5_400m/rtl/prbs16_burst_source.v","983a5251b8da7c040c42d823e51962fb2da38c036e234a1c6bb9af67a2e27cfd","31dd23d4ef55f6ed81ff72a03f0141885c30e9e3bba452ec174d93a4a6b8d647","572","True"
"versions/v5_v6/project2_v5_400m/rtl/project2_v5_top.v","ee960f2190871625aba38503abf0200d5f351f566ed8c86ca2b461c4cec27095","2e6a54d33ff5e3857d82e9762af902e628c56e939134b8687ec9c5cf26fbe851","575","True"
"versions/v5_v6/project2_v5_400m/rtl/udp_v5_tx_fifo_packetizer.v","6d0264f5c57639aba07312ca7a321209a716ce46e4c417c3e6e38cc5d4c8a3ab","50c378a8f88d38b751117bfd0d0de850aa97792006b3f6cb1415f9a5430b5a64","584","True"
"versions/v5_v6/project2_v5_400m/rtl/v5_ring_flow_controller.v","68d5456b76f9aa0abac8458f629b2d307c3bda73f2d28b1170ba24774f639fdc","78d37882d2412cca5db533d3c595daf0f888be5009b4f38ddc553382ab45c14d","580","True"
"versions/v5_v6/project2_v5_400m/scripts/apply_post_link_constraints.tcl","5be81b24da205f434d2daa78eca7c4641e8d0d050a28e33edcf0ed50b77a0eb9","9c1ad0b77e4bc8ee0cec0e520df57555caa2e0a3931ab9c7ee6d8911506fe819","571","True"
"versions/v5_v6/project2_v5_400m/scripts/build_bitstream.tcl","356d3f9842bfd03dbb04e248dd7fa8285ef299a01ffa6975e2b41b0784984a29","09bf4061a3761fd123c5a7584b9d553f3478f96ff3a1283d4d2832803e75c3e5","559","True"
"versions/v5_v6/project2_v5_400m/scripts/create_project.tcl","0d869d6258a96e370b68ecdd80b2a26cc92ce164e54200bd0266a0cb6a7b56cc","b4613b7e20e8d8fbd3ec57221f5591a721ac5a9c310d12e80173476bf6492be0","558","True"
"versions/v5_v6/project2_v5_400m/scripts/report_bus_skew.tcl","5a7e30f89e4374655c7f8236b96bda45ecd44bb503e848da6d7493c6182c6221","5a7b3a113c12435ff85c5584bea3b0ce5c6882871fcc61519b0df1f7477d1050","559","True"
"versions/v5_v6/project2_v5_400m/scripts/run_sim.tcl","7e61864665ee1095ff2322b49de3117baacadd8b18e8a64777f5891d78a3b21f","3c16678c23b5dcc35d98c963c91200f76b61e34cf8e9b047bf753cf1eabfd9a5","551","True"
"versions/v5_v6/project2_v5_400m/sim/tb_v5_units.v","e6b7a021f7582f731c259ff78962b3b5aed6e5b837a4d567601735a95265d39c","be726aa152592a5ec849d1f898d5d3dbf879d08f631b2ae364f135a7d59cba31","556","True"
"versions/v5_v6/project2_v5_max_unpaced/constraints/project2_v5_pins.xdc","d18062472d9259362e24a6fd0479eae815e8940d1c397bacb0b055ec8a959311","8a386b99b24ac96eb2192fa7486b4fac9d099e940633e18186d09e921a11af70","559","True"
"versions/v5_v6/project2_v5_max_unpaced/constraints/project2_v5_timing.xdc","13e36e04ac76c164344b2489d3ac910c41ddc6ab2d0c00b60f2f08e92ff000b4","13bef5feead6522cd2950f7558c0e87596441b013733d3b6dce1e918ff960544","561","True"
"versions/v5_v6/project2_v5_max_unpaced/rtl/ddr3_axi_mig_wrapper.v","bd04acc8c87b0306810e543b05e0970b6196c1a1cc3befc4f0d3b44ce70491b8","6c57ca847ff7d24118677f75476f22dff1b4214a0adb2fa10ebf1e17dcf6e850","574","True"
"versions/v5_v6/project2_v5_max_unpaced/rtl/prbs16_burst_source.v","983a5251b8da7c040c42d823e51962fb2da38c036e234a1c6bb9af67a2e27cfd","31dd23d4ef55f6ed81ff72a03f0141885c30e9e3bba452ec174d93a4a6b8d647","572","True"
"versions/v5_v6/project2_v5_max_unpaced/rtl/project2_v5_top.v","f15dadd37cd68526f799ebe811ee1bebae31596dda287e79ec4701efd6cfdb68","4d4f1c0090ea06c79a6e58264d049ae6eb2be9a4ad5f08685b449175e8c17004","575","True"
"versions/v5_v6/project2_v5_max_unpaced/rtl/udp_v5_tx_fifo_packetizer.v","6d0264f5c57639aba07312ca7a321209a716ce46e4c417c3e6e38cc5d4c8a3ab","50c378a8f88d38b751117bfd0d0de850aa97792006b3f6cb1415f9a5430b5a64","584","True"
"versions/v5_v6/project2_v5_max_unpaced/rtl/v5_ring_flow_controller.v","68d5456b76f9aa0abac8458f629b2d307c3bda73f2d28b1170ba24774f639fdc","78d37882d2412cca5db533d3c595daf0f888be5009b4f38ddc553382ab45c14d","580","True"
"versions/v5_v6/project2_v5_max_unpaced/scripts/apply_post_link_constraints.tcl","5be81b24da205f434d2daa78eca7c4641e8d0d050a28e33edcf0ed50b77a0eb9","9c1ad0b77e4bc8ee0cec0e520df57555caa2e0a3931ab9c7ee6d8911506fe819","571","True"
"versions/v5_v6/project2_v5_max_unpaced/scripts/build_bitstream.tcl","356d3f9842bfd03dbb04e248dd7fa8285ef299a01ffa6975e2b41b0784984a29","09bf4061a3761fd123c5a7584b9d553f3478f96ff3a1283d4d2832803e75c3e5","559","True"
"versions/v5_v6/project2_v5_max_unpaced/scripts/create_project.tcl","0d869d6258a96e370b68ecdd80b2a26cc92ce164e54200bd0266a0cb6a7b56cc","b4613b7e20e8d8fbd3ec57221f5591a721ac5a9c310d12e80173476bf6492be0","558","True"
"versions/v5_v6/project2_v5_max_unpaced/scripts/report_bus_skew.tcl","5a7e30f89e4374655c7f8236b96bda45ecd44bb503e848da6d7493c6182c6221","5a7b3a113c12435ff85c5584bea3b0ce5c6882871fcc61519b0df1f7477d1050","559","True"
"versions/v5_v6/project2_v5_max_unpaced/scripts/run_sim.tcl","7e61864665ee1095ff2322b49de3117baacadd8b18e8a64777f5891d78a3b21f","3c16678c23b5dcc35d98c963c91200f76b61e34cf8e9b047bf753cf1eabfd9a5","551","True"
"versions/v5_v6/project2_v5_max_unpaced/sim/tb_v5_units.v","e6b7a021f7582f731c259ff78962b3b5aed6e5b837a4d567601735a95265d39c","be726aa152592a5ec849d1f898d5d3dbf879d08f631b2ae364f135a7d59cba31","556","True"
"versions/v5_v6/project2_v6_pipeline/constraints/project2_v5_pins.xdc","d18062472d9259362e24a6fd0479eae815e8940d1c397bacb0b055ec8a959311","8a386b99b24ac96eb2192fa7486b4fac9d099e940633e18186d09e921a11af70","559","True"
"versions/v5_v6/project2_v6_pipeline/constraints/project2_v5_timing.xdc","13e36e04ac76c164344b2489d3ac910c41ddc6ab2d0c00b60f2f08e92ff000b4","13bef5feead6522cd2950f7558c0e87596441b013733d3b6dce1e918ff960544","561","True"
"versions/v5_v6/project2_v6_pipeline/rtl/ddr3_axi_mig_wrapper.v","bd04acc8c87b0306810e543b05e0970b6196c1a1cc3befc4f0d3b44ce70491b8","6c57ca847ff7d24118677f75476f22dff1b4214a0adb2fa10ebf1e17dcf6e850","574","True"
"versions/v5_v6/project2_v6_pipeline/rtl/prbs16_stream_source.v","62d3cd79845b23ded84931511a8d3b87c6ab6016490a800086230baec959ad43","cdfbf60bc86d94649508775f981eb56f510f1b37db86a179fd94b1f62d2468a3","574","True"
"versions/v5_v6/project2_v6_pipeline/rtl/project2_v6_top.v","982c92562727f5314d50d37f1bdb46b31420c9f82382babf11911d0fa31e9030","466a58574e91998cdc812e470dd8d1d2f322aabcbbee722430c4f067c1e4a077","575","True"
"versions/v5_v6/project2_v6_pipeline/rtl/udp_v6_tx_fifo_packetizer.v","fe1d9ee8173c32efc042aa4a4e67d83e3a0ee60f10c87495a39e2b5e07bf0454","4fc52551b20aab3864d0532033dddc200c0436dba13fd2e526cc835da3fc751d","584","True"
"versions/v5_v6/project2_v6_pipeline/rtl/v6_ingress_drain.v","c35c6e0d20c712414e1ca4318c029250d8a789538834ebdc8116b25d3360ed06","d6dda32d099d6fcb62c1b065f176dab59b6acf0253d509d9242d5906b3f07670","566","True"
"versions/v5_v6/project2_v6_pipeline/rtl/v6_ingress_fifo.v","bcd4a5bd9544bf047091c3730291a8ba70c6182e5021e5c98f709e8d81dbe6e3","67e1cb2ce7baefe961cfad6c67da710916b7ca3d91cc04dac651701a0c0f4eef","564","True"
"versions/v5_v6/project2_v6_pipeline/rtl/v6_pipeline_controller.v","4c68a10108154bc30acebd1c2cda5714beed80d1e7757d2d1c18ee022afa0367","9fe9d0d81051303e0066a14965864ec0e400169d3d898542f2c03c526eb647ba","578","True"
"versions/v5_v6/project2_v6_pipeline/scripts/apply_post_link_constraints.tcl","5be81b24da205f434d2daa78eca7c4641e8d0d050a28e33edcf0ed50b77a0eb9","5c8def98a5adaf4d2daf4fdac27b0dd813460149e5b2857c7a15633e22037c2e","571","True"
"versions/v5_v6/project2_v6_pipeline/scripts/build_bitstream.tcl","7abdbab55d80aa7e79ec65ced71e540cb634e7ed058d2fc25695a6c6e168057c","ec87a8589f8c90ba8597e4ecc268a1458061b3455f79eb9cc90f885761edd46e","559","True"
"versions/v5_v6/project2_v6_pipeline/scripts/create_project.tcl","e8402c06514572b853be6c68456077096a5de968441d10b069c9263255017bcc","0a03ab7cd71f63acf9cb98597af931a0ce89b0bc605bbdf57570aaeac8234aca","558","True"
"versions/v5_v6/project2_v6_pipeline/scripts/report_bus_skew.tcl","9d8f9adce101b281260562a3e245264dc2891a74e99ae85e00162b1a9a920715","4818cc4f3ee3b5157729ff6048c13955468ee5ada8ca3b7c18e167c8d047ce9b","559","True"
"versions/v5_v6/project2_v6_pipeline/scripts/run_sim.tcl","c2e80b9ffb57a945f20aa9e410eeae0e11497d7140fbd1f4230b3da759409d86","efe2a53b8361b92cb6f7588e82b2f9b202fc820b16639c2572f1ed33f395bd02","551","True"
"versions/v5_v6/project2_v6_pipeline/sim/tb_v6_pipeline.v","122ab7cd663051ef87091eee9ba410b121e1184d67a696fbaee8e1a85737ab41","28179b16b95e7825ecf7ef6a1be2cd7a3e38cf72cecb2490f48fabf2e9499ef8","562","True"
"versions/v7_v9/project2_v7_uart_control/constraints/project2_v5_pins.xdc","1d08bebafd23ac9b6c240e15d58acfa739ce84f7b11b8810efb6d4be2e59a281","2be6438a25a37854f14f1e0f7465c0accd5501588fc41537ef91b1672cf2dd46","559","True"
"versions/v7_v9/project2_v7_uart_control/constraints/project2_v5_timing.xdc","13e36e04ac76c164344b2489d3ac910c41ddc6ab2d0c00b60f2f08e92ff000b4","13bef5feead6522cd2950f7558c0e87596441b013733d3b6dce1e918ff960544","561","True"
"versions/v7_v9/project2_v7_uart_control/rtl/ddr3_axi_mig_wrapper.v","bd04acc8c87b0306810e543b05e0970b6196c1a1cc3befc4f0d3b44ce70491b8","6c57ca847ff7d24118677f75476f22dff1b4214a0adb2fa10ebf1e17dcf6e850","574","True"
"versions/v7_v9/project2_v7_uart_control/rtl/prbs16_stream_source.v","62d3cd79845b23ded84931511a8d3b87c6ab6016490a800086230baec959ad43","cdfbf60bc86d94649508775f981eb56f510f1b37db86a179fd94b1f62d2468a3","574","True"
"versions/v7_v9/project2_v7_uart_control/rtl/project2_v7_top.v","4d0a4c0c68dc687b8653b03edfcb30a78f620ab707dbb630b2620f6698f2a8f3","c91a45eb1f7ab24efde5aaaaeec7695b1145ef01eaeeb55dc7cbdf1b697dff7e","575","True"
"versions/v7_v9/project2_v7_uart_control/rtl/udp_v7_tx_fifo_packetizer.v","cbe178091541c5796eabff87eec0e8b4d57d27a9df0e063d74ee4ffe25a3e145","f92dd90bcd03b90f7c5ea6477a80ea4ac36102ea5450d52aadd2eeb50d88843f","584","True"
"versions/v7_v9/project2_v7_uart_control/rtl/v6_ingress_drain.v","cff8ddaf49c20bc3562bde8183ba22697988a603ac87c6e9110bbadf9fc62dc0","8c1c9d5b4dc4a0a89b4bd603ea62a6937a67c24e044a006fa2d3293367232766","566","True"
"versions/v7_v9/project2_v7_uart_control/rtl/v6_ingress_fifo.v","4c5f8f36d319449b7af8ded9274e8a17e9a34d1de37c8725bbddb8a10fe6d4ec","0005320fe7aeb3a8958a5fcd99b347d5b190fe3f9cf1d0fec5b990d6d35b738c","564","True"
"versions/v7_v9/project2_v7_uart_control/rtl/v6_pipeline_controller.v","7b0476fe2f5c7055c44f58236ceb136464e74ae184f3fb441454676eab356f2c","2e9545d8669653e989eceaffc4ebfe8b42bd057cfc0f12bbaeea63f57f52bb8c","578","True"
"versions/v7_v9/project2_v7_uart_control/rtl/v7_rate_controlled_prbs.v","722ffacc859b1cd52ed91c94d400293d879e6edd53fecd299307b5615a3d4d80","7d5c87eacf6d3443e0dd6efa75c0973d13911d160761e4076e4d200e69115474","580","True"
"versions/v7_v9/project2_v7_uart_control/rtl/v7_uart_control.v","3355ec80a311b88ec66bf6578d80059ba4017f1d5910b0f53b88f34bb9fce9f8","e5e97049ccfb1e41dc3e11e4c1c7be5ff099c57613bf4ab4bfbee32d8313a83b","564","True"
"versions/v7_v9/project2_v7_uart_control/rtl/v7_ui_status_snapshot.v","7afc64b629987cb94c1ab8a67667da592e642ea19fb42c7e7a0f7a329f5d3524","a96973060be6fc9de2372c8d60c3d20fe046a0db1ff46fe23d2fbf3896f2ae2d","576","True"
"versions/v7_v9/project2_v7_uart_control/scripts/apply_post_link_constraints.tcl","5be81b24da205f434d2daa78eca7c4641e8d0d050a28e33edcf0ed50b77a0eb9","2ece2a356bb6250ed1dc71e4cabb7094e194e94b9cf1f29fdf74f22b52d2b617","571","True"
"versions/v7_v9/project2_v7_uart_control/scripts/build_bitstream.tcl","01cf7a52e932365031d85c262c09471c25de9067ba26e6b5c424baf372bb5bef","5108ed731c98fe60a57916830bf48384f3d93e93e8fedf196a801d275bb30f38","559","True"
"versions/v7_v9/project2_v7_uart_control/scripts/collect_reports.tcl","81ca66ed88f11b6daf0aeca188085082cefd3ea1c7b45aa4c8dd09d84bc2fa66","2cb38b43894849148e86cd45cca0b2ab13ea1a35201e8a30d6efaa04b956a5e1","559","True"
"versions/v7_v9/project2_v7_uart_control/scripts/create_project.tcl","ff7b62fe7f168882085019a99c4a423fa2596a88529ed8c40cbe315d9b037c77","6e85c886fca58cadb4bfc7a75c96ce1c3c83628d5e2e04a5b1fa50487ed0fe04","558","True"
"versions/v7_v9/project2_v7_uart_control/scripts/report_bus_skew.tcl","9d8f9adce101b281260562a3e245264dc2891a74e99ae85e00162b1a9a920715","f332ff4e7ef13a3f3e48099c9e5ff66e415a948d2ba1f33c480d773f2b8a1f73","559","True"
"versions/v7_v9/project2_v7_uart_control/scripts/run_sim.tcl","3828142d5d57c2e5fa850726b01bdb4c7bbf44a4cd3f5e0f1c90645d89bcffea","a0911444dfc345898ec56681f9f59173546c9df0caeb5458bffface7f06f4a92","551","True"
"versions/v7_v9/project2_v7_uart_control/sim/tb_v7_packetizer.v","2a587f19e172afd85bbf2ea317b1d8af63e1b77df5763083d2116b50d6f51ed0","c86e83acfea3aed1a0bfa6d74e232e4979dc0baa648bcbcc9400b496d3f58cdb","566","True"
"versions/v7_v9/project2_v7_uart_control/sim/tb_v7_source.v","1dfc0eb73a2b7b8a62eb1b820463669406c97b753fadef586ec3a7db319117df","0b81906fc5f385d00d98f2372035c4fd99e90247d8945337a39f20a134530511","558","True"
"versions/v7_v9/project2_v7_uart_control/sim/tb_v7_uart_control.v","5ac12e49e734c895f310ed6dc74feaf126490cc6efc10ebeffe185842080b566","d5c2b04ca117a3f1923a7cca9224415b238e9a031d400e0b2422e05382dc37bf","570","True"
"versions/v7_v9/project2_v8_xadc_acquisition/constraints/project2_v5_pins.xdc","1d08bebafd23ac9b6c240e15d58acfa739ce84f7b11b8810efb6d4be2e59a281","2be6438a25a37854f14f1e0f7465c0accd5501588fc41537ef91b1672cf2dd46","559","True"
"versions/v7_v9/project2_v8_xadc_acquisition/constraints/project2_v5_timing.xdc","556bde1a4008045acf2911a6e9b74e1ee94d8ef982a3ad9b4b785866ac77747e","8e9575e8854bbe1aa62e789d7903b73d4c189ef2cd1b1bc4f57670de56194fe4","561","True"
"versions/v7_v9/project2_v8_xadc_acquisition/rtl/ddr3_axi_mig_wrapper.v","6635e7b3e54ccbcfc915ba5c1aaa6f1ead8bff3d0631a3862ba9133432dd639c","d49c131f47e274d6341e866646197de750e22fc40ca4a446106bba19cd988047","574","True"
"versions/v7_v9/project2_v8_xadc_acquisition/rtl/prbs16_stream_source.v","62d3cd79845b23ded84931511a8d3b87c6ab6016490a800086230baec959ad43","cdfbf60bc86d94649508775f981eb56f510f1b37db86a179fd94b1f62d2468a3","574","True"
"versions/v7_v9/project2_v8_xadc_acquisition/rtl/project2_v7_top.v","4d0a4c0c68dc687b8653b03edfcb30a78f620ab707dbb630b2620f6698f2a8f3","c91a45eb1f7ab24efde5aaaaeec7695b1145ef01eaeeb55dc7cbdf1b697dff7e","575","True"
"versions/v7_v9/project2_v8_xadc_acquisition/rtl/project2_v8_top.v","e38927685b628a841e7530c8dfe29756ef402ef5f9ba0db931c6665d38dcdad0","ab13a4b82acc6c654196659bac1f0dbc1d0b418c58f06a25cef34bcb540a73b9","575","True"
"versions/v7_v9/project2_v8_xadc_acquisition/rtl/udp_v7_tx_fifo_packetizer.v","cbe178091541c5796eabff87eec0e8b4d57d27a9df0e063d74ee4ffe25a3e145","f92dd90bcd03b90f7c5ea6477a80ea4ac36102ea5450d52aadd2eeb50d88843f","584","True"
"versions/v7_v9/project2_v8_xadc_acquisition/rtl/udp_v8_tx_fifo_packetizer.v","a495c6ce387fe4b28ae40fd19e11bbd7103343b683937c0cdd50458d3fc98483","59b6e9d40703f3d2624d8a94bbfd98f4a20d6c7ed5220415b553cbc77170f09e","584","True"
"versions/v7_v9/project2_v8_xadc_acquisition/rtl/v6_ingress_drain.v","cff8ddaf49c20bc3562bde8183ba22697988a603ac87c6e9110bbadf9fc62dc0","8c1c9d5b4dc4a0a89b4bd603ea62a6937a67c24e044a006fa2d3293367232766","566","True"
"versions/v7_v9/project2_v8_xadc_acquisition/rtl/v6_ingress_fifo.v","4c5f8f36d319449b7af8ded9274e8a17e9a34d1de37c8725bbddb8a10fe6d4ec","0005320fe7aeb3a8958a5fcd99b347d5b190fe3f9cf1d0fec5b990d6d35b738c","564","True"
"versions/v7_v9/project2_v8_xadc_acquisition/rtl/v6_pipeline_controller.v","7b0476fe2f5c7055c44f58236ceb136464e74ae184f3fb441454676eab356f2c","2e9545d8669653e989eceaffc4ebfe8b42bd057cfc0f12bbaeea63f57f52bb8c","578","True"
"versions/v7_v9/project2_v8_xadc_acquisition/rtl/v7_rate_controlled_prbs.v","722ffacc859b1cd52ed91c94d400293d879e6edd53fecd299307b5615a3d4d80","7d5c87eacf6d3443e0dd6efa75c0973d13911d160761e4076e4d200e69115474","580","True"
"versions/v7_v9/project2_v8_xadc_acquisition/rtl/v7_uart_control.v","3355ec80a311b88ec66bf6578d80059ba4017f1d5910b0f53b88f34bb9fce9f8","e5e97049ccfb1e41dc3e11e4c1c7be5ff099c57613bf4ab4bfbee32d8313a83b","564","True"
"versions/v7_v9/project2_v8_xadc_acquisition/rtl/v7_ui_status_snapshot.v","7afc64b629987cb94c1ab8a67667da592e642ea19fb42c7e7a0f7a329f5d3524","a96973060be6fc9de2372c8d60c3d20fe046a0db1ff46fe23d2fbf3896f2ae2d","576","True"
"versions/v7_v9/project2_v8_xadc_acquisition/rtl/v8_uart_control.v","65d658008ba96d82040691406fd2049443e95f59456b6eb582f80cbbd1c1e114","c9ac48964d62d740ffc680533e47bd34b767a8de60777f47150f6540abd129d9","564","True"
"versions/v7_v9/project2_v8_xadc_acquisition/rtl/v8_xadc_stream_source.v","202e273ba87a38e105ebdc712c20daa4c83da76807acb2912308ebbf6a7fd34f","9dee655fa4d68da353ec8d3d20cac868847ed734d7237d606daccee8efaf4f29","576","True"
"versions/v7_v9/project2_v8_xadc_acquisition/scripts/apply_post_link_constraints.tcl","5be81b24da205f434d2daa78eca7c4641e8d0d050a28e33edcf0ed50b77a0eb9","b9121ebdf70dc08db0cd93b4582c3d7dd16acdeeb53c8a2de55b6f27bedb2ae8","571","True"
"versions/v7_v9/project2_v8_xadc_acquisition/scripts/build_bitstream.tcl","8e2963a63bf7149bf609df9516c48f42ffa92f42bab25d09c59c1af4fe9ccec5","94c3cab751a8d242d741417c57486042f535af6c1f3fc8c76cff65e69a0c5256","559","True"
"versions/v7_v9/project2_v8_xadc_acquisition/scripts/collect_reports.tcl","23d851d0ce268897fb2b317a389dcfcfe070a34c1738aab34f1f7d789f608b6a","7c99c8ce0ab4b0f74b10b5f547658e6f117e549777fbdd795fa21fa993450d5c","559","True"
"versions/v7_v9/project2_v8_xadc_acquisition/scripts/create_project.tcl","0fe1f67f7bbd63656e467b208109f122d23b738a75ed9f33eaae456ae90ed23f","44571e69679746fd5ba1f6478daa7f135582508ebb8a71253120c0a60e031029","558","True"
"versions/v7_v9/project2_v8_xadc_acquisition/scripts/report_bus_skew.tcl","47ea753648fb961a9413d4a82bba52b65e2a0952fd64a6fdcb2880d9903384b4","e186c9cdc0d3020892380118e54a045bf94ed61e224357fed1210ecd7f63c303","559","True"
"versions/v7_v9/project2_v8_xadc_acquisition/scripts/run_sim.tcl","e731f0a0b0963f1ca71b126fc101ad017e75e3680b4fadb3344b03532dd26aff","75f2e92337eb5169f201312bf1d70a2921b7e4e31bba01c85f22d5986a95b327","551","True"
"versions/v7_v9/project2_v8_xadc_acquisition/sim/tb_v7_packetizer.v","2a587f19e172afd85bbf2ea317b1d8af63e1b77df5763083d2116b50d6f51ed0","c86e83acfea3aed1a0bfa6d74e232e4979dc0baa648bcbcc9400b496d3f58cdb","566","True"
"versions/v7_v9/project2_v8_xadc_acquisition/sim/tb_v7_source.v","1dfc0eb73a2b7b8a62eb1b820463669406c97b753fadef586ec3a7db319117df","0b81906fc5f385d00d98f2372035c4fd99e90247d8945337a39f20a134530511","558","True"
"versions/v7_v9/project2_v8_xadc_acquisition/sim/tb_v7_uart_control.v","5ac12e49e734c895f310ed6dc74feaf126490cc6efc10ebeffe185842080b566","d5c2b04ca117a3f1923a7cca9224415b238e9a031d400e0b2422e05382dc37bf","570","True"
"versions/v7_v9/project2_v8_xadc_acquisition/sim/tb_v8_packetizer.v","d3e4a761a1f4f5f020fd8fad627394119b6026392c45b4c60d15af3d946f1ed7","7390739859a7127512ddc86d1af0b27cfb5a6516e655dd2bd6b40f86ddeefbee","566","True"
"versions/v7_v9/project2_v8_xadc_acquisition/sim/tb_v8_uart_control.v","c50292ff7a1ac14de4a3a57e2752d896752d113745201f7e0be36d52bf79dff9","5212527d4c1c620024ba12d4bb8aab1d43924ccce80e4f8039665a5c013b2bda","570","True"
"versions/v7_v9/project2_v8_xadc_acquisition/sim/tb_v8_xadc_source.v","ccef91922a7139aae3b505417d0d525669da18c8a6344ead6f47b3646d518179","2cc207d6ff778789e6962b1b4e098fcb0e799eee38f2def6e47c2e4e798186ff","555","True"
"versions/v7_v9/project2_v9_full_validation/constraints/project2_v5_pins.xdc","1d08bebafd23ac9b6c240e15d58acfa739ce84f7b11b8810efb6d4be2e59a281","a8f7215fc6c531be1fb0f2f0a5f78e352d0678ba86c89edde715779560f32e34","559","True"
"versions/v7_v9/project2_v9_full_validation/constraints/project2_v5_timing.xdc","556bde1a4008045acf2911a6e9b74e1ee94d8ef982a3ad9b4b785866ac77747e","d81188d76a6c6b264fa3af70f2b468616c6e88fbab5fc659f4d37c8c20673858","561","True"
"versions/v7_v9/project2_v9_full_validation/rtl/ddr3_axi_mig_wrapper.v","6635e7b3e54ccbcfc915ba5c1aaa6f1ead8bff3d0631a3862ba9133432dd639c","1206f3eecada4200348ad10205b12171c5c062c573629cc5ed2809014ada872f","574","True"
"versions/v7_v9/project2_v9_full_validation/rtl/prbs16_stream_source.v","62d3cd79845b23ded84931511a8d3b87c6ab6016490a800086230baec959ad43","4e3867b3fc102e5515121e19acffb161dcd27aae393cfbb923d61177fe031c34","574","True"
"versions/v7_v9/project2_v9_full_validation/rtl/project2_v7_top.v","4d0a4c0c68dc687b8653b03edfcb30a78f620ab707dbb630b2620f6698f2a8f3","5c25cb948834cfb9f5c3285913ddfb40f77105c934c68ba9ab0d53c9c03af059","575","True"
"versions/v7_v9/project2_v9_full_validation/rtl/project2_v8_top.v","e38927685b628a841e7530c8dfe29756ef402ef5f9ba0db931c6665d38dcdad0","625e1592f4dfe76a32a3abb26c77b1f56f0b9ce82154a773e8a9d30cc3292383","575","True"
"versions/v7_v9/project2_v9_full_validation/rtl/project2_v9_top.v","944ade677fd55c1d2d6ec9aa9b45aaff46ea928d6605633444f019ec3351a244","f76500d15af040d44ae339f0da3842b725d6e372aa582ce8429d363a5777a361","575","True"
"versions/v7_v9/project2_v9_full_validation/rtl/udp_v7_tx_fifo_packetizer.v","cbe178091541c5796eabff87eec0e8b4d57d27a9df0e063d74ee4ffe25a3e145","fa646cae0945eb9b78f584d3f828231f710fa72a523b80bf1800d7902534b530","584","True"
"versions/v7_v9/project2_v9_full_validation/rtl/udp_v8_tx_fifo_packetizer.v","a495c6ce387fe4b28ae40fd19e11bbd7103343b683937c0cdd50458d3fc98483","ae0110c828fed76ad62f71cc4cd97d2f304800fa73a3e5026a4ba4334410a9f8","584","True"
"versions/v7_v9/project2_v9_full_validation/rtl/udp_v9_tx_fifo_packetizer.v","03675f23128ccac0d5661a76845840053973197f9c416f8f442cc709b041ff90","ec513e5cf078d5919878b23bf0813613cc0a8aff9cd6392b3f042ac0e9738240","584","True"
"versions/v7_v9/project2_v9_full_validation/rtl/v6_ingress_drain.v","cff8ddaf49c20bc3562bde8183ba22697988a603ac87c6e9110bbadf9fc62dc0","5005dfef99f190da8daf5cb154640c302a2e00d9faf95a4d1798b517332fcc98","566","True"
"versions/v7_v9/project2_v9_full_validation/rtl/v6_ingress_fifo.v","4c5f8f36d319449b7af8ded9274e8a17e9a34d1de37c8725bbddb8a10fe6d4ec","03a1cf20dbdcff9b1771889befecaf9be39b2f07ebbfd9a6865f60c07f300824","564","True"
"versions/v7_v9/project2_v9_full_validation/rtl/v6_pipeline_controller.v","7b0476fe2f5c7055c44f58236ceb136464e74ae184f3fb441454676eab356f2c","63c390d8b23fe622d499f73568343c567ab11e492612ba558a3910c8d31e1e8f","578","True"
"versions/v7_v9/project2_v9_full_validation/rtl/v7_rate_controlled_prbs.v","722ffacc859b1cd52ed91c94d400293d879e6edd53fecd299307b5615a3d4d80","392365d25ee4255d93630d1f906eed7efd8ff93845192baeab28b0bae8f106cf","580","True"
"versions/v7_v9/project2_v9_full_validation/rtl/v7_uart_control.v","3355ec80a311b88ec66bf6578d80059ba4017f1d5910b0f53b88f34bb9fce9f8","6d6dd2d4a38691c25ae2bd8d6863a2584bc4353992fbc0bd8487f810c3cde0a3","564","True"
"versions/v7_v9/project2_v9_full_validation/rtl/v7_ui_status_snapshot.v","7afc64b629987cb94c1ab8a67667da592e642ea19fb42c7e7a0f7a329f5d3524","c53c3bd94367a759e9d0e598e8cf4cad1df8e6b55be0d6000da64c24f1b7db08","576","True"
"versions/v7_v9/project2_v9_full_validation/rtl/v8_uart_control.v","65d658008ba96d82040691406fd2049443e95f59456b6eb582f80cbbd1c1e114","d4f7d2d8c4dd3883487f8682b8d2e51701a9ba4cba1d460c10d81ee214d6f276","564","True"
"versions/v7_v9/project2_v9_full_validation/rtl/v8_xadc_stream_source.v","202e273ba87a38e105ebdc712c20daa4c83da76807acb2912308ebbf6a7fd34f","cd84ea635ff26ef0cfe607061af48d7b8209a6ad470e03e5c77185fd662ed39f","576","True"
"versions/v7_v9/project2_v9_full_validation/rtl/v9_uart_control.v","ee563e0a101c95edc8177da6f450e89cce2ac2a911cec483a4f1f0fa7f3294e7","d51bbe320a27a2dc391c042ed7b3ee6f873a277d18bb644995ee71993f9e665d","564","True"
"versions/v7_v9/project2_v9_full_validation/scripts/apply_post_link_constraints.tcl","5be81b24da205f434d2daa78eca7c4641e8d0d050a28e33edcf0ed50b77a0eb9","06bf55b01e05061c134e928b382a87f6c52ede789e84cbabdaefe1f35164218c","571","True"
"versions/v7_v9/project2_v9_full_validation/scripts/build_bitstream.tcl","682a8b62ab841f14195fc0d52461797b799bd5717b834ce5358651018fdf3b9d","430714132c83f9e937c234ab370fc2fbdf53918775fbc27f59eb8e8d303dab3c","559","True"
"versions/v7_v9/project2_v9_full_validation/scripts/check_connected_hardware.tcl","5697c4748125e35e5d6bd65623d2174ae6110539a60fadfcb87e25a22a062ffe","c55cd53dc363f33ed4781ff407655c5752d69bc6a7eaaeb1a6afbca54b07933e","568","True"
"versions/v7_v9/project2_v9_full_validation/scripts/collect_reports.tcl","9beec5da4f3798961f30db344cc0cd90ebbba50d4f56d1f963c1cce039234526","2e874cc2e9d4066f9679dcf6eced2461f6dfb7e680a8b178cbdc16c415abfd23","559","True"
"versions/v7_v9/project2_v9_full_validation/scripts/create_project.tcl","bd02d8932bf8c22e89ade65bc08206dddc6c7fc2e70a2d67bb6df5d83241dee0","cf8db6cbda693633a653f7f3451a951b199089dcdca8131a5f6009fe5e783b4c","558","True"
"versions/v7_v9/project2_v9_full_validation/scripts/program_v9_board.tcl","e72fb7aa90d394480f5a72160cc514f0d8e6d55d048c5e8634a8f2c4878e9ccc","a7cfa5fa6bdf900b347d4704c0e2bbbb626e6957c8e0a38e5712d26831ac838c","560","True"
"versions/v7_v9/project2_v9_full_validation/scripts/report_bus_skew.tcl","364489954e36c2fb5367890b48f8e3d21c2a9dcc38552cebc5463d8d7da26f3f","5e53434e4cfd146e29251c89bc60199a28935178586b780efdf3fa3e4e2607a9","559","True"
"versions/v7_v9/project2_v9_full_validation/scripts/run_sim.tcl","6f4f916bb680424d0619a7fc57db29dfe61c61a4cea98311189de08a7070f7c3","e3c2c7baccc1b3b96668f68fbbc4214976896ac05bdccd30e049150c1cd3ca4d","551","True"
"versions/v7_v9/project2_v9_full_validation/sim/tb_v7_packetizer.v","2a587f19e172afd85bbf2ea317b1d8af63e1b77df5763083d2116b50d6f51ed0","98b4d28d61fe82921e26dab99d6c47be73a44b92a5b2ff5e4a040704a86240c6","566","True"
"versions/v7_v9/project2_v9_full_validation/sim/tb_v7_source.v","1dfc0eb73a2b7b8a62eb1b820463669406c97b753fadef586ec3a7db319117df","5ab368976e014964e8566b1a8304b33563abb892296dcc4597a98dbe31dcdc21","558","True"
"versions/v7_v9/project2_v9_full_validation/sim/tb_v7_uart_control.v","5ac12e49e734c895f310ed6dc74feaf126490cc6efc10ebeffe185842080b566","02643b5c8dbc13ebd2fdca97af6ace5dc94884203ca41d5b6467bce2a64a548c","570","True"
"versions/v7_v9/project2_v9_full_validation/sim/tb_v8_packetizer.v","d3e4a761a1f4f5f020fd8fad627394119b6026392c45b4c60d15af3d946f1ed7","0ec8a396c95cea8793fe2f27835a293963f2db0b8253b517e4b31ce43a62f011","566","True"
"versions/v7_v9/project2_v9_full_validation/sim/tb_v8_uart_control.v","c50292ff7a1ac14de4a3a57e2752d896752d113745201f7e0be36d52bf79dff9","011a8e0ea70046da751258db0749b51b4d5c169d069c4b1fd3e0db95ad0e0f2c","570","True"
"versions/v7_v9/project2_v9_full_validation/sim/tb_v8_xadc_source.v","ccef91922a7139aae3b505417d0d525669da18c8a6344ead6f47b3646d518179","93d907308074f0acaf83612745a5ee9a73e42d822e20ec324c2947d81db35dc8","555","True"
"versions/v7_v9/project2_v9_full_validation/sim/tb_v9_ingress_fifo.v","0a694146383f34fc4c0df235e9da7bc22501e13821852581419d8a284b96709c","b4c399973e047dbf496c3dfda10cc257b68570662832e666699aa3b8169dc79e","570","True"
"versions/v7_v9/project2_v9_full_validation/sim/tb_v9_packetizer.v","273e05931a02f8240116688b11fd45943d0dae2a20f7c96d8065e3ea46cb933a","50bb6336041b9b96d86f7d704525f3edab43668371606f6ac030603a249731de","566","True"
"versions/v7_v9/project2_v9_full_validation/sim/tb_v9_pipeline_controller.v","e84bb5c650bf08b55e784a0a71699097de44a63d6aac22d003b0ae1e94db71f9","6f1c5b57ca0fdb4ad2dc111f75a58fc5272e9356a53efd08b2f34790cbfec978","584","True"
